,제목,링크
0,"Selenium with Python — Selenium Python Bindings 2 ...
Selenium Python Bindings
https://selenium-python.readthedocs.io",https://selenium-python.readthedocs.io/
1,"6) 동적 웹크롤링 - selenium 소개 및 기초사용법
위키독스
https://wikidocs.net › ...",https://wikidocs.net/137914
2,"[Python] Selenium(셀레니움) 설치 및 시작하기 - 동호다찌
티스토리
https://donghodazzi.tistory.com › ...",https://donghodazzi.tistory.com/305
3,"Selenium
PyPI
https://pypi.org › project › selenium",https://pypi.org/project/selenium/
4,"Python Selenium 사용법 [파이썬 셀레늄 사용법, 크롤링]
GitHub
https://greeksharifa.github.io › references › 2020/10/30",https://greeksharifa.github.io/references/2020/10/30/python-selenium-usage/
5,"2.8 사이트 자동화하기 - selenium 사용법(1)
위키독스
https://wikidocs.net › ...",https://wikidocs.net/91474
6,"셀레늄(selenium) — 파이썬 documentation
고려대학교
https://compmath.korea.ac.kr › python › Selenium",https://compmath.korea.ac.kr/python/Selenium.html
7,"selenium python
예스24
https://bookshop.yes24.com › Search › query=selenium...",https://bookshop.yes24.com/Search?query=selenium%2520python
8,"[python] Chrome Webdriver 업데이트 없이 selenium(셀레니움 ...
티스토리
https://real-bell.tistory.com › ...",https://real-bell.tistory.com/165
